,precision,recall,f1-score,support,roc_auc
0,0.5401984262743756,0.5305779569892473,0.5353449737243601,2976.0,0.5655600291752005
1,0.5459863503412414,0.5555555555555556,0.5507293886248156,3024.0,0.5655600291752005
accuracy,0.5431666666666667,0.5431666666666667,0.5431666666666667,0.5431666666666667,0.5655600291752005
macro avg,0.5430923883078085,0.5430667562724014,0.5430371811745878,6000.0,0.5655600291752005
weighted avg,0.543115540004076,0.5431666666666667,0.5430987188341896,6000.0,0.5655600291752005
