player_cluster,total_playtime_hours,number_of_sessions,avg_session_time_minutes,purchases_made,churned
0,30.15257341961175,53.82694541231127,37.74836071013771,1.338642774182844,0.4957690393230463
1,89.66433354591835,50.11288265306123,44.66968112244898,1.8421556122448979,0.4655612244897959
2,32.212862728062554,50.008905299739354,45.013835794960904,3.8996524761077325,0.5010860121633363
3,30.536897160275952,46.31654099149687,52.02786619605327,1.3338681212899086,0.5435584790630515
