churned,number_of_sessions,avg_session_time_minutes
0,50.60880592472355,44.99416658212438
1,49.457754116139206,44.919587893128266
